Component,Material,Length,Width,qty,Invoice Number,JOB NO ,Grain,edge l,edge w,holes,edge mat,,,,,total edging,total edging
1,SUPWHTTXT,2400,500,2,,,0,1,,,PVC BROOKHILL,1,,,,4.94,5
2,SUPWHTTXT,668,500,1,,,0,1,,,PVC BROOKHILL,1,,,,0.738,6
3,SUPWHTTXT,668,500,1,,,0,1,,,PVC BROOKHILL,1,,,,0.738,6
4,SUPWHTTXT,668,100,4,,,0,,,,,,,,,0,6
5,SUPWHTTXT,668,100,1,,,0,1,,,PVC BROOKHILL,1,,,,0.738,7
6,SUPWHTTXT,668,480,1,,,0,1,,,PVC BROOKHILL,1,,,,0.738,8
7,SUPWHTTXT,668,477,3,,,0,1,,,PVC BROOKHILL,1,,,,2.214,10
8,SUPWHTTXT,450,150,10,,,0,1,,,PVC BROOKHILL,1,,,,5.2,15
9,SUPWHTTXT,610,150,10,,,0,1,,,PVC BROOKHILL,1,,,,6.8,22
10,SUPWHTTXT,2400,500,2,,,0,1,,,PVC BROOKHILL,1,,,,4.94,27
11,SUPWHTTXT,518,500,1,,,0,1,,,PVC BROOKHILL,1,,,,0.588,28
12,SUPWHTTXT,518,500,1,,,0,1,,,PVC BROOKHILL,1,,,,0.588,28
13,SUPWHTTXT,518,100,4,,,0,,,,,,,,,0,28
14,SUPWHTTXT,518,477,2,,,0,1,,,PVC BROOKHILL,1,,,,1.176,29
15,SUPWHTTXT,2400,500,2,,,0,1,,,PVC BROOKHILL,1,,,,4.94,34
16,SUPWHTTXT,968,500,1,,,0,1,,,PVC BROOKHILL,1,,,,1.038,35
17,SUPWHTTXT,968,500,1,,,0,1,,,PVC BROOKHILL,1,,,,1.038,36
18,SUPWHTTXT,968,100,4,,,0,,,,,,,,,0,36
19,SUPWHTTXT,968,477,1,,,0,1,,,PVC BROOKHILL,1,,,,1.038,38
20,SUPWHTTXT,476,477,1,,,0,1,,,PVC BROOKHILL,1,,,,0.546,38
21,SUPWHTTXT,2050,477,1,,,0,1,,,PVC BROOKHILL,1,,,,2.12,40
22,SUPWHTTXT,2400,500,2,,,0,1,,,PVC BROOKHILL,1,,,,4.94,45
23,SUPWHTTXT,668,500,1,,,0,1,,,PVC BROOKHILL,1,,,,0.738,46
24,SUPWHTTXT,668,500,1,,,0,1,,,PVC BROOKHILL,1,,,,0.738,47
25,SUPWHTTXT,668,100,4,,,0,,,,,,,,,0,47
26,SUPWHTTXT,668,100,1,,,0,1,,,PVC BROOKHILL,1,,,,0.738,47
27,SUPWHTTXT,668,480,1,,,0,1,,,PVC BROOKHILL,1,,,,0.738,48
28,SUPWHTTXT,668,477,3,,,0,1,,,PVC BROOKHILL,1,,,,2.214,50
29,SUPWHTTXT,450,150,10,,,0,1,,,PVC BROOKHILL,,,,,5.2,55
30,SUPWHTTXT,609,150,10,,,0,1,,,PVC BROOKHILL,,,,,6.79,62
31,SUPWHTTXT,2400,500,2,,,0,1,,,PVC BROOKHILL,,,,,4.94,67
32,SUPWHTTXT,968,500,1,,,0,1,,,PVC BROOKHILL,,,,,1.038,68
33,SUPWHTTXT,968,500,1,,,0,1,,,PVC BROOKHILL,,,,,1.038,69
34,SUPWHTTXT,968,100,4,,,0,,,,,,,,,0,69
35,SUPWHTTXT,968,477,1,,,0,1,,,PVC BROOKHILL,,,,,1.038,70
36,SUPWHTTXT,476,477,1,,,0,1,,,PVC BROOKHILL,,,,,0.546,71
37,SUPWHTTXT,2050,477,1,,,0,1,,,PVC BROOKHILL,,,,,2.12,73
38,SUPWHTTXT,2400,500,2,,,0,1,,,PVC BROOKHILL,,,,,4.94,78
39,SUPWHTTXT,2400,818,1,,,0,,,,,,,,,0,78
40,SUPWHTTXT,2400,834,1,,,0,,,,,,,,,0,78
41,SUPWHTTXT,818,818,1,,,0,,,,,,,,,0,78
42,SUPWHTTXT,818,818,1,,,0,,,,,,,,,0,78
43,SUPWHTTXT,818,350,6,,,0,1,,,PVC BROOKHILL,,,,,5.328,83
44,SUPWHTTXT,2400,500,2,,,0,1,,,PVC BROOKHILL,,,,,4.94,88
45,SUPWHTTXT,468,500,1,,,0,1,,,PVC BROOKHILL,,,,,0.538,89
46,SUPWHTTXT,468,501,1,,,0,1,,,PVC BROOKHILL,,,,,0.538,89
47,SUPWHTTXT,468,100,4,,,0,,,,,,,,,0,89
48,SUPWHTTXT,468,477,7,,,0,1,,,PVC BROOKHILL,,,,,3.766,93
49,SUPWHTTXT,2400,500,2,,,0,1,,,PVC BROOKHILL,,,,,4.94,98
50,SUPWHTTXT,468,500,1,,,0,1,,,PVC BROOKHILL,,,,,0.538,99
51,SUPWHTTXT,468,501,1,,,0,1,,,PVC BROOKHILL,,,,,0.538,99
52,SUPWHTTXT,468,100,4,,,0,,,,,,,,,0,99
53,SUPWHTTXT,468,477,7,,,0,1,,,PVC BROOKHILL,,,,,3.766,103
54,SUPWHTTXT,2400,500,2,,,0,1,,,PVC BROOKHILL,,,,,4.94,108
55,SUPWHTTXT,468,500,1,,,0,1,,,PVC BROOKHILL,,,,,0.538,108
56,SUPWHTTXT,468,501,1,,,0,1,,,PVC BROOKHILL,,,,,0.538,109
57,SUPWHTTXT,468,100,4,,,0,,,,,,,,,0,109
58,SUPWHTTXT,468,477,7,,,0,1,,,PVC BROOKHILL,,,,,3.766,113
59,SUPWHTTXT,2400,500,2,,,0,1,,,PVC BROOKHILL,,,,,4.94,118
60,SUPWHTTXT,968,500,1,,,0,1,,,PVC BROOKHILL,,,,,1.038,119
61,SUPWHTTXT,968,500,1,,,0,1,,,PVC BROOKHILL,,,,,1.038,120
62,SUPWHTTXT,968,100,4,,,0,,,,,,,,,0,120
63,SUPWHTTXT,400,477,7,,,0,1,,,PVC BROOKHILL,,,,,3.29,123
64,SUPWHTTXT,2368,477,1,,,0,1,,,PVC BROOKHILL,,,,,2.438,125
65,SUPWHTTXT,2400,500,2,,,0,1,,,PVC BROOKHILL,,,,,4.94,130
66,SUPWHTTXT,968,500,1,,,0,1,,,PVC BROOKHILL,,,,,1.038,131
67,SUPWHTTXT,968,500,1,,,0,1,,,PVC BROOKHILL,,,,,1.038,132
68,SUPWHTTXT,968,100,4,,,0,,,,,,,,,0,132
69,SUPWHTTXT,400,477,7,,,0,1,,,PVC BROOKHILL,,,,,3.29,136
70,SUPWHTTXT,2368,477,1,,,0,1,,,PVC BROOKHILL,,,,,2.438,138
71,SUPWHTTXT,400,450,2,,,0,1,,,PVC BROOKHILL,,,,,0.94,139
72,SUPWHTTXT,818,450,1,,,0,1,,,PVC BROOKHILL,,,,,0.888,140
73,SUPWHTTXT,818,450,1,,,0,1,,,PVC BROOKHILL,,,,,0.888,141
74,SUPWHTTXT,818,100,2,,,0,,,,,,,,,0,141
75,SUPWHTTXT,2400,100,4,,,0,1,,,PVC BROOKHILL,,,,,9.88,151
76,SUPWHTTXT,2400,600,2,,,0,1,,,PVC BROOKHILL,,,,,4.94,156
77,SUPWHTTXT,718,600,1,,,0,1,,,PVC BROOKHILL,,,,,0.788,156
78,SUPWHTTXT,718,600,1,,,0,1,,,PVC BROOKHILL,,,,,0.788,157
79,SUPWHTTXT,718,100,4,,,0,,,,,,,,,0,157
80,SUPWHTTXT,718,577,5,,,0,1,,,PVC BROOKHILL,,,,,3.94,161
81,SUPWHTTXT,2400,600,2,,,0,1,,,PVC BROOKHILL,,,,,4.94,166
82,SUPWHTTXT,318,600,1,,,0,1,,,PVC BROOKHILL,,,,,0.388,166
83,SUPWHTTXT,318,600,1,,,0,1,,,PVC BROOKHILL,,,,,0.388,167
84,SUPWHTTXT,318,100,4,,,0,,,,,,,,,0,167
85,SUPWHTTXT,318,577,3,,,0,1,,,PVC BROOKHILL,,,,,1.164,168
86,SUPWHTTXT,790,570,2,,,0,1,,,PVC BROOKHILL,,,,,1.72,170
87,SUPWHTTXT,468,570,1,,,0,1,,,PVC BROOKHILL,,,,,0.538,170
88,SUPWHTTXT,468,100,1,,,0,1,,,PVC BROOKHILL,,,,,0.538,171
89,SUPWHTTXT,468,100,2,,,0,,,,,,,,,0,171
90,SUPWHTTXT,468,100,1,,,0,1,,,PVC BROOKHILL,,,,,0.538,171
91,SUPWHTTXT,377,520,1,,,0,,,,,,,,,0,171
92,SUPWHTTXT,520,200,2,,,0,1,,,PVC BROOKHILL,,,,,1.18,173
93,SUPWHTTXT,409,200,2,,,0,1,,,PVC BROOKHILL,,,,,0.958,174
94,SUPWHTTXT,790,390,2,,,0,1,,,PVC BROOKHILL,,,,,1.72,175
95,SUPWHTTXT,368,390,1,,,0,1,,,PVC BROOKHILL,,,,,0.438,176
96,SUPWHTTXT,368,100,1,,,0,1,,,PVC BROOKHILL,,,,,0.438,176
97,SUPWHTTXT,368,100,2,,,0,,,,,,,,,0,176
98,SUPWHTTXT,368,100,1,,,0,1,,,PVC BROOKHILL,,,,,0.438,177
99,SUPWHTTXT,368,367,1,,,0,1,,,PVC BROOKHILL,,,,,0.438,177
100,SUPWHTTXT,790,390,2,,,0,1,,,PVC BROOKHILL,,,,,1.72,179
101,SUPWHTTXT,368,390,1,,,0,1,,,PVC BROOKHILL,,,,,0.438,179
102,SUPWHTTXT,368,100,1,,,0,1,,,PVC BROOKHILL,,,,,0.438,180
103,SUPWHTTXT,368,100,2,,,0,,,,,,,,,0,180
104,SUPWHTTXT,368,100,1,,,0,1,,,PVC BROOKHILL,,,,,0.438,180
105,SUPWHTTXT,368,367,1,,,0,1,,,PVC BROOKHILL,,,,,0.438,180
106,SUPWHTTXT,790,390,2,,,0,1,,,PVC BROOKHILL,,,,,1.72,182
107,SUPWHTTXT,318,390,1,,,0,1,,,PVC BROOKHILL,,,,,0.388,183
108,SUPWHTTXT,318,100,1,,,0,1,,,PVC BROOKHILL,,,,,0.388,183
109,SUPWHTTXT,318,100,3,,,0,,,,,,,,,0,183
110,SUPWHTTXT,340,150,8,,,0,1,,,PVC BROOKHILL,,,,,3.28,186
111,SUPWHTTXT,259,150,8,,,0,1,,,PVC BROOKHILL,,,,,2.632,189
112,SUPWHTTXT,2730,1300,1,,,0,,,,,,,,,0,189
113,SUPWHTTXT,,,,,,1,,,,,,,,,0,189
114,SUPWHTTXT,,,,,,1,,,,,,,,,0,189
115,SUPWHTTXT,,,,,,1,,,,,,,,,0,189
116,SUPWHTTXT,,,,,,1,,,,,,,,,0,189
117,SUPWHTTXT,,,,,,1,,,,,,,,,0,189
118,SUPWHTTXT,,,,,,1,,,,,,,,,0,189
119,SUPWHTTXT,,,,,,1,,,,,,,,,0,189
120,SUPWHTTXT,,,,,,1,,,,,,,,,0,189
121,SUPWHTTXT,,,,,,1,,,,,,,,,0,189
122,SUPWHTTXT,,,,,,1,,,,,,,,,0,189
123,SUPWHTTXT,,,,,,1,,,,,,,,,0,189
124,SUPWHTTXT,,,,,,1,,,,,,,,,0,189
125,SUPWHTTXT,,,,,,1,,,,,,,,,0,189
126,SUPWHTTXT,,,,,,1,,,,,,,,,0,189
127,SUPWHTTXT,,,,,,1,,,,,,,,,0,189
128,SUPWHTTXT,,,,,,1,,,,,,,,,0,189
129,SUPWHTTXT,,,,,,1,,,,,,,,,0,189
130,SUPWHTTXT,,,,,,1,,,,,,,,,0,189
131,SUPWHTTXT,,,,,,1,,,,,,,,,0,189
132,SUPWHTTXT,,,,,,1,,,,,,,,,0,189
133,SUPWHTTXT,,,,,,1,,,,,,,,,0,189
134,SUPWHTTXT,,,,,,1,,,,,,,,,0,189
135,SUPWHTTXT,,,,,,1,,,,,,,,,0,189
136,SUPWHTTXT,,,,,,1,,,,,,,,,0,189
137,SUPWHTTXT,,,,,,1,,,,,,,,,0,189
138,SUPWHTTXT,,,,,,1,,,,,,,,,0,189
139,SUPWHTTXT,,,,,,1,,,,,,,,,0,189
140,SUPWHTTXT,,,,,,1,,,,,,,,,0,189
141,SUPWHTTXT,,,,,,1,,,,,,,,,0,189
142,SUPWHTTXT,,,,,,1,,,,,,,,,0,189
143,SUPWHTTXT,,,,,,1,,,,,,,,,0,189
144,SUPWHTTXT,,,,,,1,,,,,,,,,0,189
145,SUPWHTTXT,,,,,,1,,,,,,,,,0,189
146,SUPWHTTXT,,,,,,1,,,,,,,,,0,189
147,SUPWHTTXT,,,,,,1,,,,,,,,,0,189
148,SUPWHTTXT,,,,,,1,,,,,,,,,0,189
149,SUPWHTTXT,,,,,,1,,,,,,,,,0,189
150,SUPWHTTXT,,,,,,1,,,,,,,,,0,189
151,SUPWHTTXT,,,,,,1,,,,,,,,,0,189
152,SUPWHTTXT,,,,,,1,,,,,,,,,0,189
153,SUPWHTTXT,,,,,,1,,,,,,,,,0,189
154,SUPWHTTXT,,,,,,1,,,,,,,,,0,189
155,SUPWHTTXT,,,,,,1,,,,,,,,,0,189
156,SUPWHTTXT,,,,,,1,,,,,,,,,0,189
157,SUPWHTTXT,,,,,,1,,,,,,,,,0,189
158,SUPWHTTXT,,,,,,1,,,,,,,,,0,189
159,SUPWHTTXT,,,,,,1,,,,,,,,,0,189
160,SUPWHTTXT,,,,,,1,,,,,,,,,0,189
161,SUPWHTTXT,,,,,,1,,,,,,,,,0,189
162,SUPWHTTXT,,,,,,1,,,,,,,,,0,189
163,SUPWHTTXT,,,,,,1,,,,,,,,,0,189
164,SUPWHTTXT,,,,,,1,,,,,,,,,0,189
165,SUPWHTTXT,,,,,,1,,,,,,,,,0,189
166,SUPWHTTXT,,,,,,1,,,,,,,,,0,189
167,SUPWHTTXT,,,,,,1,,,,,,,,,0,189
168,SUPWHTTXT,,,,,,1,,,,,,,,,0,189
169,SUPWHTTXT,,,,,,1,,,,,,,,,0,189
170,SUPWHTTXT,,,,,,1,,,,,,,,,0,189
171,SUPWHTTXT,,,,,,1,,,,,,,,,0,189
172,SUPWHTTXT,,,,,,1,,,,,,,,,0,189
173,SUPWHTTXT,,,,,,1,,,,,,,,,0,189
174,SUPWHTTXT,,,,,,1,,,,,,,,,0,189
175,SUPWHTTXT,,,,,,1,,,,,,,,,0,189
176,SUPWHTTXT,,,,,,1,,,,,,,,,0,189
177,SUPWHTTXT,,,,,,1,,,,,,,,,0,189
178,SUPWHTTXT,,,,,,1,,,,,,,,,0,189
179,SUPWHTTXT,,,,,,1,,,,,,,,,0,189
180,SUPWHTTXT,,,,,,1,,,,,,,,,0,189
181,SUPWHTTXT,,,,,,1,,,,,,,,,0,189
182,SUPWHTTXT,,,,,,1,,,,,,,,,0,189
183,SUPWHTTXT,,,,,,1,,,,,,,,,0,189
184,SUPWHTTXT,,,,,,1,,,,,,,,,0,189
185,SUPWHTTXT,,,,,,1,,,,,,,,,0,189
186,SUPWHTTXT,,,,,,1,,,,,,,,,0,189
187,SUPWHTTXT,,,,,,1,,,,,,,,,0,189
188,SUPWHTTXT,,,,,,1,,,,,,,,,0,189
189,SUPWHTTXT,,,,,,1,,,,,,,,,0,189
190,SUPWHTTXT,,,,,,1,,,,,,,,,0,189
191,SUPWHTTXT,,,,,,1,,,,,,,,,0,189
192,SUPWHTTXT,,,,,,1,,,,,,,,,0,189
193,SUPWHTTXT,,,,,,1,,,,,,,,,0,189
194,SUPWHTTXT,,,,,,1,,,,,,,,,0,189
195,SUPWHTTXT,,,,,,1,,,,,,,,,0,189
196,SUPWHTTXT,,,,,,1,,,,,,,,,0,189
197,SUPWHTTXT,,,,,,1,,,,,,,,,0,189
198,SUPWHTTXT,,,,,,1,,,,,,,,,0,189
199,SUPWHTTXT,,,,,,1,,,,,,,,,0,189
200,SUPWHTTXT,,,,,,1,,,,,,,,,0,189
201,SUPWHTTXT,,,,,,1,,,,,,,,,0,189
202,SUPWHTTXT,,,,,,1,,,,,,,,,0,189
203,SUPWHTTXT,,,,,,1,,,,,,,,,0,189
204,SUPWHTTXT,,,,,,1,,,,,,,,,0,189
205,SUPWHTTXT,,,,,,1,,,,,,,,,0,189
206,SUPWHTTXT,,,,,,1,,,,,,,,,0,189
207,SUPWHTTXT,,,,,,1,,,,,,,,,0,189
208,SUPWHTTXT,,,,,,1,,,,,,,,,0,189
209,SUPWHTTXT,,,,,,1,,,,,,,,,0,189
210,SUPWHTTXT,,,,,,1,,,,,,,,,0,189
211,SUPWHTTXT,,,,,,1,,,,,,,,,0,189
212,SUPWHTTXT,,,,,,1,,,,,,,,,0,189
213,SUPWHTTXT,,,,,,1,,,,,,,,,0,189
214,SUPWHTTXT,,,,,,1,,,,,,,,,0,189
215,SUPWHTTXT,,,,,,1,,,,,,,,,0,189
216,SUPWHTTXT,,,,,,1,,,,,,,,,0,189
217,SUPWHTTXT,,,,,,1,,,,,,,,,0,189
218,SUPWHTTXT,,,,,,1,,,,,,,,,0,189
219,SUPWHTTXT,,,,,,1,,,,,,,,,0,189
220,SUPWHTTXT,,,,,,1,,,,,,,,,0,189
221,SUPWHTTXT,,,,,,1,,,,,,,,,0,189
222,SUPWHTTXT,,,,,,1,,,,,,,,,0,189
223,SUPWHTTXT,,,,,,1,,,,,,,,,0,189
224,SUPWHTTXT,,,,,,1,,,,,,,,,0,189
225,SUPWHTTXT,,,,,,1,,,,,,,,,0,189
226,SUPWHTTXT,,,,,,1,,,,,,,,,0,189
227,SUPWHTTXT,,,,,,1,,,,,,,,,0,189
228,SUPWHTTXT,,,,,,1,,,,,,,,,0,189
229,SUPWHTTXT,,,,,,1,,,,,,,,,0,189
230,SUPWHTTXT,,,,,,1,,,,,,,,,0,189
231,SUPWHTTXT,,,,,,1,,,,,,,,,0,189
232,SUPWHTTXT,,,,,,1,,,,,,,,,0,189
233,SUPWHTTXT,,,,,,1,,,,,,,,,0,189
234,SUPWHTTXT,,,,,,1,,,,,,,,,0,189
235,SUPWHTTXT,,,,,,1,,,,,,,,,0,189
236,SUPWHTTXT,,,,,,1,,,,,,,,,0,189
